{
    "perf_recovery": -2.0,
    "avg_train_perf": 83.8150652485,
    "avg_eval_perf": 78.5198169099,
    "perf_maintenance_mrlep": 3.8626981189,
    "forward_transfer_ratio": 12.6298550026,
    "backward_transfer_ratio": 1.08214831,
    "ste_rel_perf": 1.1050569622,
    "sample_efficiency": 0.9132609794,
    "run_id": "multi_task",
    "complexity": "2-intermediate",
    "difficulty": "2-medium",
    "scenario_type": "custom",
    "metrics_column": "performance",
    "min": 1.0,
    "max": 101.0,
    "num_lx": 1200,
    "num_ex": 720,
    "runtime": 0.421872,
    "normalization_data_range": {
        "task2_1": {
            "min": 2.5,
            "max": 99.924058441952
        },
        "task3_1": {
            "min": 2.5,
            "max": 99.91508640117341
        },
        "task1_1": {
            "min": 2.5,
            "max": 99.73909708414917
        }
    },
    "task_metrics": {
        "task1_1": {
            "perf_recovery": -6.0,
            "avg_train_perf": 80.81606630799467,
            "avg_eval_perf": 85.38291569031496,
            "perf_maintenance_mrlep": 3.451080439437074,
            "forward_transfer_ratio": {
                "task2_1": [
                    24.67239897398408
                ],
                "task3_1": [
                    3.6653636804885346
                ]
            },
            "backward_transfer_ratio": {
                "task2_1": [
                    1.0556581292500786,
                    1.0150548506958164,
                    1.0001723839246295
                ],
                "task3_1": [
                    1.0480769800075946,
                    0.9961445540514207,
                    1.0120399383414667
                ]
            },
            "ste_rel_perf": 1.0591733025492118,
            "sample_efficiency": 0.9090526017098852,
            "recovery_times": [
                0.0,
                18.0,
                12.0
            ],
            "avg_train_perf_vals": [
                36.04980450660429,
                90.05780444571023,
                97.08502172490904,
                100.07163455475515
            ],
            "avg_eval_perf_vals": [
                1.0,
                71.40438536378741,
                84.50766935309096,
                81.37853127245901,
                95.25126208054728,
                97.16038470479546,
                94.91628656981486,
                99.32619662389195,
                99.50683216263187,
                98.39749365124072,
                100.7459465015201,
                101.0
            ],
            "maintenance_val_mrlep": [
                [
                    13.103283989303549,
                    9.974145908671602
                ],
                [
                    1.9091226242481838,
                    -0.33497551073241993
                ],
                [
                    0.18063553873992078,
                    -0.928702972651223
                ],
                [
                    0.2540534984799052
                ]
            ],
            "ste_rel_perf_vals": [
                1.0591733025492118
            ],
            "ste_saturation_vals": [
                99.55063618306727
            ],
            "ste_exp_to_sat_vals": [
                359
            ],
            "se_saturation_vals": [
                1.0103397996719894
            ],
            "se_exp_to_sat_vals": [
                0.899749373433584
            ],
            "sample_efficiency_vals": [
                0.9090526017098852
            ],
            "se_task_saturation": 100.57996981841927,
            "se_task_exp_to_sat": 399.0,
            "min": 1.0,
            "max": 101.0,
            "num_lx": 400,
            "num_ex": 240
        },
        "task2_1": {
            "perf_recovery": -0.0,
            "avg_train_perf": 83.1254505047705,
            "avg_eval_perf": 77.20682022409055,
            "perf_maintenance_mrlep": 6.090194553614779,
            "forward_transfer_ratio": {
                "task3_1": [
                    9.55180235334426
                ]
            },
            "backward_transfer_ratio": {
                "task1_1": [
                    1.1835081125976452,
                    1.0200430165705707,
                    1.001818609237842,
                    1.0025217242708229
                ],
                "task3_1": [
                    1.0275331900125855,
                    1.0061676020460701,
                    1.0027288628474946
                ]
            },
            "ste_rel_perf": 1.0952293608794161,
            "sample_efficiency": 0.916505407971392,
            "recovery_times": [
                0.0,
                0.0,
                0.0
            ],
            "avg_train_perf_vals": [
                46.89286526419057,
                85.07832566051212,
                99.6364716874517,
                100.89413940692756
            ],
            "avg_eval_perf_vals": [
                1.0,
                24.67239897398408,
                59.724563080624,
                72.57378365482904,
                76.61310468565677,
                94.04813399199483,
                96.70619900754214,
                98.16209639496059,
                100.65006172518574,
                100.65707475636053,
                100.67442641794875,
                101.0
            ],
            "maintenance_val_mrlep": [
                [
                    12.849220574205042,
                    16.888541605032763
                ],
                [
                    2.658065015547308,
                    4.113962402965754
                ],
                [
                    0.007013031174793127,
                    0.024364692763015228
                ]
            ],
            "ste_rel_perf_vals": [
                1.0952293608794161
            ],
            "ste_saturation_vals": [
                99.36353599680666
            ],
            "ste_exp_to_sat_vals": [
                359
            ],
            "se_saturation_vals": [
                1.0160700623192591
            ],
            "se_exp_to_sat_vals": [
                0.9020100502512562
            ],
            "sample_efficiency_vals": [
                0.916505407971392
            ],
            "se_task_saturation": 100.9603142125373,
            "se_task_exp_to_sat": 398.0,
            "min": 1.0,
            "max": 101.0,
            "num_lx": 400,
            "num_ex": 240
        },
        "task3_1": {
            "perf_recovery": -0.0,
            "avg_train_perf": 87.5036789327096,
            "avg_eval_perf": 72.96971481531459,
            "perf_maintenance_mrlep": 2.046819363719718,
            "forward_transfer_ratio": {},
            "backward_transfer_ratio": {
                "task1_1": [
                    0.9629721408176843,
                    0.9769031571684397,
                    0.9888516347342053
                ],
                "task2_1": [
                    1.2151413072182629,
                    1.0282628150365383,
                    1.0000696773658613
                ]
            },
            "ste_rel_perf": 1.1607682230447176,
            "sample_efficiency": 0.9142249285302317,
            "recovery_times": [
                0.0,
                0.0,
                0.0
            ],
            "avg_train_perf_vals": [
                57.933633610159795,
                92.95591316360982,
                98.22960632260356,
                100.89556263446526
            ],