{
  "perf_recovery": -2.0,
  "perf_maintenance_mrlep": 3.855814336,
  "forward_transfer_ratio": 12.7602959694,
  "backward_transfer_ratio": 1.0831924335,
  "ste_rel_perf": 1.1063315766,
  "sample_efficiency": 0.9133716955,
  "run_id": "multi_task",
  "complexity": "2-intermediate",
  "difficulty": "2-medium",
  "scenario_type": "custom",
  "metrics_column": "performance",
  "min": 0.0,
  "max": 100.0,
  "num_lx": 1200,
  "num_ex": 720,
  "task_metrics": {
    "task1_1": {
      "perf_recovery": -6.0,
      "perf_maintenance_mrlep": 3.4305340174334833,
      "forward_transfer_ratio": {},
      "backward_transfer_ratio": {
        "task2_1": [
          1.0564357621543066,
          1.0152121534708918,
          1.0001741136956974
        ],
        "task3_1": [
          1.0487001904871414,
          0.996104458008453,
          1.0121624691474171
        ]
      },
      "ste_rel_perf": 1.0594947702743842,
      "sample_efficiency": 0.9090902344140432,
      "recovery_times": [
        0.0,
        18.0,
        12.0
      ],
      "maintenance_val_mrlep": [
        [
          13.025272013865177,
          9.914763632726022
        ],
        [
          1.8977564333457622,
          -0.3329811937858551
        ],
        [
          0.1795601033587957,
          -0.9231738279306114
        ],
        [
          0.252540960455093
        ]
      ],
      "min": 0.5953620138436911,
      "max": 100.0,
      "num_lx": 400,
      "num_ex": 240
    },
    "task2_1": {
      "perf_recovery": -0.0,
      "perf_maintenance_mrlep": 6.090194553614775,
      "forward_transfer_ratio": {
        "task3_1": [
          12.76029596941125
        ]
      },
      "backward_transfer_ratio": {
        "task1_1": [
          1.184544683973009,
          1.020127768079356,
          1.0018259824264808,
          1.0025318034452886
        ],
        "task3_1": [
          1.027873521987033,
          1.0062319950011445,
          1.0027563008509333
        ]
      },
      "ste_rel_perf": 1.0965322961322805,
      "sample_efficiency": 0.9166527731263069,
      "recovery_times": [
        0.0,
        0.0,
        0.0
      ],
      "maintenance_val_mrlep": [
        [
          12.849220574205034,
          16.888541605032756
        ],
        [
          2.658065015547308,
          4.11396240296574
        ],
        [
          0.007013031174793127,
          0.024364692763015228
        ]
      ],
      "min": 0.0,
      "max": 100.0,
      "num_lx": 400,
      "num_ex": 240
    },
    "task3_1": {
      "perf_recovery": -0.0,
      "perf_maintenance_mrlep": 2.0467144368394656,
      "forward_transfer_ratio": {},
      "backward_transfer_ratio": {
        "task1_1": [
          0.9627955691175522,
          0.9768074195978588,
          0.9888065182913506
        ],
        "task2_1": [
          1.2188048731254775,
          1.0285665590647524,
          1.00007037658636
        ]
      },
      "ste_rel_perf": 1.1629676633508115,
      "sample_efficiency": 0.9143720788116605,
      "recovery_times": [
        0.0,
        0.0,
        0.0
      ],
      "maintenance_val_mrlep": [
        [
          3.7567373067718535,
          6.011616932786396
        ],
        [
          -0.3745577007104828,
          0.2223165177886699
        ],
        [
          1.1950290435675868,
          1.4691445208327707
        ]
      ],
      "min": 0.0,
      "max": 99.99487366193057,
      "num_lx": 400,
      "num_ex": 240
    }
  }
}