{
  "perf_recovery": 0.0,
  "perf_maintenance_mrlep": 3.4305340174,
  "forward_transfer_contrast": 1.0,
  "backward_transfer_contrast": 0.0256073734,
  "ste_rel_perf": 1.0965322961,
  "sample_efficiency": 0.9143720788,
  "run_id": "multi_task",
  "complexity": "2-intermediate",
  "difficulty": "2-medium",
  "scenario_type": "custom",
  "metrics_column": "performance",
  "min": 0.0,
  "max": 100.0,
  "num_lx": 1200,
  "num_ex": 720,
  "task_metrics": {
    "task1_1": {
      "perf_recovery": -6.0,
      "perf_maintenance_mrlep": 3.4305340174334833,
      "forward_transfer_contrast": {
        "task2_1": [
          1.0
        ],
        "task3_1": [
          1.0
        ]
      },
      "backward_transfer_contrast": {
        "task2_1": [
          0.02744348410629896,
          0.007548661040323269,
          0.00008704926961368041
        ],
        "task3_1": [
          0.02377126273198689,
          -0.0019515722115232173,
          0.006044476693062725
        ]
      },
      "ste_rel_perf": 1.0594947702743842,
      "sample_efficiency": 0.9090902344140432,
      "recovery_times": [
        0.0,
        18.0,
        12.0
      ],
      "maintenance_val_mrlep": [
        [
          13.025272013865177,
          9.914763632726022
        ],
        [
          1.8977564333457622,
          -0.3329811937858551
        ],
        [
          0.1795601033587957,
          -0.9231738279306114
        ],
        [
          0.252540960455093
        ]
      ],
      "min": 0.5953620138436911,
      "max": 100.0,
      "num_lx": 400,
      "num_ex": 240
    },
    "task2_1": {
      "perf_recovery": -0.0,
      "perf_maintenance_mrlep": 6.090194553614775,
      "forward_transfer_contrast": {
        "task3_1": [
          0.8546542890904424
        ]
      },
      "backward_transfer_contrast": {
        "task1_1": [
          0.08447741322341801,
          0.009963611409832939,
          0.0009121584206172524,
          0.001264301241524661
        ],
        "task3_1": [
          0.013745197461684303,
          0.0031063182207603794,
          0.0013762537407881778
        ]
      },
      "ste_rel_perf": 1.0965322961322805,
      "sample_efficiency": 0.9166527731263069,
      "recovery_times": [
        0.0,
        0.0,
        0.0
      ],
      "maintenance_val_mrlep": [
        [
          12.849220574205034,
          16.888541605032756
        ],
        [
          2.658065015547308,
          4.11396240296574
        ],
        [
          0.007013031174793127,
          0.024364692763015228
        ]
      ],
      "min": 0.0,
      "max": 100.0,
      "num_lx": 400,
      "num_ex": 240
    },
    "task3_1": {
      "perf_recovery": -0.0,
      "perf_maintenance_mrlep": 2.0467144368394656,
      "forward_transfer_contrast": {},
      "backward_transfer_contrast": {
        "task1_1": [
          -0.01895481703128897,
          -0.011732341841806384,
          -0.005628240658757558
        ],
        "task2_1": [
          0.09861384197217044,
          0.01408214038484525,
          0.00003518705500764876
        ]
      },
      "ste_rel_perf": 1.1629676633508115,
      "sample_efficiency": 0.9143720788116605,
      "recovery_times": [
        0.0,
        0.0,
        0.0
      ],
      "maintenance_val_mrlep": [
        [
          3.7567373067718535,
          6.011616932786396
        ],
        [
          -0.3745577007104828,
          0.2223165177886699
        ],
        [
          1.1950290435675868,
          1.4691445208327707
        ]
      ],
      "min": 0.0,
      "max": 99.99487366193057,
      "num_lx": 400,
      "num_ex": 240
    }
  }
}