{
    "perf_recovery": -2.0,
    "perf_maintenance_mrlep": 3.8626981189,
    "forward_transfer_ratio": 12.6298550026,
    "backward_transfer_ratio": 1.08214831,
    "ste_rel_perf": 1.1050569622,
    "sample_efficiency": 0.9132609794,
    "run_id": "multi_task",
    "complexity": "2-intermediate",
    "difficulty": "2-medium",
    "scenario_type": "custom",
    "metrics_column": "performance",
    "min": 1.0,
    "max": 101.0,
    "num_lx": 1200,
    "num_ex": 720,
    "runtime": 0.421872,
    "normalization_data_range":
    {
        "task2_1":
        {
            "min": 2.5,
            "max": 99.924058441952
        },
        "task3_1":
        {
            "min": 2.5,
            "max": 99.91508640117338
        },
        "task1_1":
        {
            "min": 2.5,
            "max": 99.73909708414915
        }
    },
    "task_metrics":
    {
        "task1_1":
        {
            "perf_recovery": -6.0,
            "perf_maintenance_mrlep": 3.451080439437066,
            "forward_transfer_ratio":
            {
                "task2_1":
                [
                    24.672398973984098
                ],
                "task3_1":
                [
                    3.665363680488535
                ]
            },
            "backward_transfer_ratio":
            {
                "task2_1":
                [
                    1.0556581292500786,
                    1.0150548506958161,
                    1.0001723839246295
                ],
                "task3_1":
                [
                    1.0480769800075946,
                    0.9961445540514204,
                    1.0120399383414667
                ]
            },
            "ste_rel_perf": 1.0591733025492123,
            "sample_efficiency": 0.9090526017098848,
            "recovery_times":
            [
                0.0,
                18.0,
                12.0
            ],
            "maintenance_val_mrlep":
            [
                [
                    13.103283989303549,
                    9.974145908671616
                ],
                [
                    1.9091226242481838,
                    -0.33497551073241993
                ],
                [
                    0.18063553873989235,
                    -0.9287029726512515
                ],
                [
                    0.254053498479891
                ]
            ],
            "min": 1.0,
            "max": 101.0,
            "num_lx": 400,
            "num_ex": 240
        },
        "task2_1":
        {
            "perf_recovery": -0.0,
            "perf_maintenance_mrlep": 6.090194553614775,
            "forward_transfer_ratio":
            {
                "task3_1":
                [
                    9.551802353344263
                ]
            },
            "backward_transfer_ratio":
            {
                "task1_1":
                [
                    1.1835081125976452,
                    1.0200430165705707,
                    1.0018186092378416,
                    1.0025217242708226
                ],
                "task3_1":
                [
                    1.0275331900125855,
                    1.0061676020460701,
                    1.0027288628474949
                ]
            },
            "ste_rel_perf": 1.0952293608794161,
            "sample_efficiency": 0.9165054079713921,
            "recovery_times":
            [
                0.0,
                0.0,
                0.0
            ],
            "maintenance_val_mrlep":
            [
                [
                    12.849220574205034,
                    16.888541605032756
                ],
                [
                    2.658065015547308,
                    4.11396240296574
                ],
                [
                    0.007013031174793127,
                    0.024364692763015228
                ]
            ],
            "min": 1.0,
            "max": 101.0,
            "num_lx": 400,
            "num_ex": 240
        },
        "task3_1":
        {
            "perf_recovery": -0.0,
            "perf_maintenance_mrlep": 2.0468193637197154,
            "forward_transfer_ratio":
            {},
            "backward_transfer_ratio":
            {
                "task1_1":
                [
                    0.9629721408176845,
                    0.9769031571684397,
                    0.9888516347342053
                ],
                "task2_1":
                [
                    1.2151413072182626,
                    1.0282628150365383,
                    1.0000696773658613
                ]
            },
            "ste_rel_perf": 1.1607682230447176,
            "sample_efficiency": 0.9142249285302317,
            "recovery_times":
            [
                0.0,
                0.0,
                0.0
            ],
            "maintenance_val_mrlep":
            [
                [
                    3.756929899699557,
                    6.0119251243927465
                ],
                [
                    -0.3745769027888599,
                    0.22232791506922922
                ],
                [
                    1.1950903079369937,
                    1.4692198380086268
                ]
            ],
            "min": 1.0,
            "max": 101.0,
            "num_lx": 400,
            "num_ex": 240
        }
    }
}